Event,Domain
event for Project Managers in Artificial Intelligence ,Management
Technex – IIT (BHU) – Techno-Management Fest – 2019,Management
NIT Jamshedpur – Techno-Management Fest – 2019 – Ojass,Management
RGUKT – Techno Management Cultural Fest – Abhiyanth – 2019,Management
National Facilities Management & Technology Conference & Expo,Management
One Day Session On Management Consulting Skills Mastery,Management
Atos Expert talk - Change Management & Augmented Reality,Management
Management: Leading Wisely | TED Studies | Read - TED Talks,Management
127 Management Intern jobs in India (2 new) - LinkedIn,Management
Management 3.0 Workshops & Events,Management
Workshop on Management | Events | Welcome to SRM ,Management
Management Training Workshops and Seminars: Helping You Grow Your Business by Becoming a Better.,Management
Training Courses | Grow Your Management Skills | Udemy?,Management
Management Skills Training | IMD Business School,Management
Management Skills for New Managers | MCE Training ,Management
Management and  business expo,Management
Management and legislation expo,Management
"Techspardha,the annual techno-managerial festival of National Institute of Technology, Kurukshetra is back in 2020",Management
"Techniche,Techno-Management festival  is golden opportunity for all techo geeks",Management
MJB technologies LLP is hiring for Business System Analyst - Project Management  position,Management
Accenture is hiring for TELECOM OPERATIONS-PROGRAM AND PROJECT MANAGEMENT position,Management
Proctur is hiring in Pune. Apply Now.,Management
The Management 2.0 Hackathon,Management
Get certification on Agile Crash Course: Agile Project Management; Agile Delivery,Management
"Webinar on""The Future of Management: Agile Leadership and Management 3.0""",Management
Register for Webinar : Management 3.0 – A Real Experiment with Agile Management Teams with no managers with Ralph van Roosmalen,Management
Webinar on October 2019: Leadership Agility for Modern Organizations and management with David Dame,Management
"Register for webinar on April 2019: Self management, the future of work, purpose-driven organizations and Holacracy with Brian Robertson",Management
bootcamp on  Align DevOps with IT Service Management (ITSM) ,Management
Project Management: Developing Project Schedules and Budgets a hands on session ,Management
chance to attend session on Time Management Power Tips: Prioritize Tasks for Better Productivity,Management
online conference on Project Management Essentials for Non-project Managers,Management
seminar on How can Agile Project Management Skills help in Delivering Top-Notch Customer's Delight?,Management
"Seminar on How to Pass the Project Management Professional (PMP) Exam, 6th Edition",Management
seminar on The Future of IT Service Management (ITSM) with ITIL 4,Management
"Register For Siebel CRM management  Free Live Webinar On 5th July, 7:00 PM (IST) ",Management
Advanced Research Publications Technology Management ,Management
PMP Project Management Professional,Management
Association of International Product Marketing and Management (AIPMM) Certified Brand Manager,Management
 American Management Association :Certificate in Analytical Skills,Management
Certified Associate in Project Management (CAPM),Management
Servicenow Asset Management training FREE Demo ,Management
"A motivational speech by Dr. L.S. Ganesh, Professor of Management Studies, IIT Madras",Management
Lecture on MANAGEMENT ETHOS – ANCIENT INDIAN KNOWLEDGE PERSPECTIVE by Prof. Rani Sadasiva Murty ,Management
Certified Project Management Practitioner (CPMP),Management
Business Acumen for Project Managers roles are hiring ,Management
BVOP Certified Project Manager,Management
Project Management Certificate (PMC),Management
PMI Risk Management Professional (PMI-RMP),Management
Agile Crash Course: Agile Project Management; Agile Delivery,Management
Cohesity TopCoder Challenge,Coding
Open Contest - Code Gladiators 2019,Coding
Code  Battle Begin !!!!,Coding
Participate in our latest Coding contest: 'Hack The Interview',Coding
Participate in national coding test now!!!,Coding
codefest 2020,Coding
UiPath Hiring Challenge- Code Your Way In,Coding
The Expert   coder,Coding
try for CAMPUS - CODE STACK19,Coding
BMC Software Code Warriors,Coding
Participate in CODE4HealthAsyst ,Coding
CodeExpedition: DestinationExpedia,Coding
Prime Code Champ 7,Coding
Beginner Code Champ 7,Coding
HONCODE Challenge,Coding
Alexa Skill Pro Challenge,Coding
Informatica Code-a-Thon 2018,Coding
Honeywell CODE2HON,Coding
CODE4VFSGLOBAL,Coding
TechGig Hour of Code,Coding
MagicFiserv Hackathon (Code Challenge),Coding
CA Technologies  Combat,Coding
Temenos Game of Codes,Coding
Cybage Code Wars,Coding
Amazon Code Combat,Coding
Mypoolin Code Contest,Coding
The Opus Code Rush 2016,Coding
Hour Of Code Challenge,Coding
BankBazaar's Coding Samurai,Coding
Roposo CodePlay Data Structures,Coding
"Get certification on ""The Coding Interview Bootcamp: Algorithms + Data Structures"" from  udemy",Coding
C# Developers: Learn the Art to do clean coding with certification ,Coding
#CODE19 Hackathon against covid19 is live from 20 th july,Coding
Hackathon codequest 2020 to be live next month,Coding
Code heist 2020 from codechef will begin from august,Coding
Code Chronicles 2.0 is back again,Coding
Codechef API hackathon -Use codechef API and alibaba to help the community,Coding
"MNNIT Allahabad proudly presents to you the second edition of our annual hackathon, Hack36. ",Coding
Coding Training - Kick-Start Your Career Today?,Coding
Coding Courses | Coursera,Coding
Coding Training Recommendations - Code Conquest,Coding
HackWithInfy 2020 Registrations: Deadline Extended!,Coding
Accenture Job Opportunity || Through Hack Diva 2020- Hackathon ||,Coding
HackWithInfy 2020 Registrations: Hurry! Last 3 days left!,Coding
Infosys HackWithInfy 2020 - A bright tomorrow awaits!,Coding
Be a part of the transformation: NITI Aayog - Pune Smart City > Hackathon : Savitribai Phule Pune University,Coding
"Hackathon @ Syngenta, Pune is live now",Coding
"Innovate with the best hackathon,",Coding
Student Contact Alert - Adobe CoDiva - International Women's Day Hackathon 2020 || Register now,Coding
Last week before the registrations for HackWithInfy 2020 closes!,Coding
talk on CISSP Certification Prep: Security and Risk Management,Security
Ethical hacking-(CEH) Course In GHaziabad Noida Delhi ,Security
learn cybersecurity skills in 15 days,Security
Try this brand new course on cybersecurity.,Security
Ethical hacking courses are live now!,Security
techexpo on Ethical Hacking: Enumeration 2020,Security
expo to the  Security Threats,Security
Architecting for Security on AWS internship for you,Security
Explore the Ways to Navigate Your Career in Cybersecurity,Security
Recruitment for Cybersecurity Analyst (CySA+): Threat Management,Security
5 Most In-Demand Cyber Security Roles,Security
Talk on CYBER SECURITY - Ethical Hacking ,Security
Colloquium talk on “Cryptography and it Applications in Information and Cyber Security” by Dr. Vishal Sgaraswat.,Security
"Talk on ""Cyber Security - Overview, Incidents Services, Risks in Evolving Technologies & Trends"" by Sachidananda S Javli, Director – Cyber Security, PwC India.",Security
online conference on  Develop a Robust IT Security Architecture for Your Enterprise,Security
presentation on Beyond Keystroke Logging and Trojans: How to Navigate the Changing Landscape of Cybersecurity,Security
2 day workshop on cybersecurity,Security
CEH: Understanding Ethical Hacking workshop join now,Security
Hands on session on cybersecurity tools,Security
The IBM Cybersecurity Analyst Professional Certificate is your entry point into a new career in #security.,Security
"Get your certification on ""Security in Google Cloud Platform"" from coursera",Security
Careerera is hiring  Information Security Specialist with elevant qualifications and a work experience of at least 2 years.,Security
Growth 360 is hiring  Cyber Security Lead,Security
Want to become Cyber Security Analyst? ShieldByte Infosec Pvt Ltd is hiring now,Security
Career Foresight HR Solution LLP is looking for Cyber Security Engineer with Contract role For 6 months,Security
Opsramp is hiring for a full time  Cyber Security -risk Manager,Security
Biggest security tech festival is coming back,Security
Expo to the security threats,Security
Cyber Security Conference India 2019,Security
Cyber Security Expo 2020,Security
Gartner Security & Risk Management Summit 2020,Security
Virtual Cyber Security Chicago Conference 2020,Security
"Security Guard Training Programs, Classes and Requirements",Security
Cyber Security Competition 2017,Security
European Cyber Security Challenge — ECSC,Security
Global Cyberlympics | International Hacking Competition,Security
IWSEC 2020(The 15th International Workshop on Security),Security
Cyber Security 2 Days Workshop | Training | Data Security,Security
Workshop on Security and Privacy in Big Data | 2020 IEEE INFOCOM,Security
Ideas about Security - TED Talks,Security
Cyber Security internship,Security
AAPA Port Security Seminar & Expo,Security
Ethical Hacking Training,Security
Hackmanthan - The Ethical Hacking Workshop (The Ethical Hacking & Cyber s Security Workshop),Security
Best Cyber Certification - Cyber Security Certification,Security
Hurry up! Get registered for ethical hacking course,Security
Ethical hacking courses are live now!,Security
Tutorial on The Five Phases of Ethical Hacking,Security
techexpo on Ethical Hacking: Enumeration 2020,Security
"online event on Malware Affecting IoT & Smart Devices: Detection, Prevention, and Removal",Security
National Workshop On Nanotechnology & Embedded hardware Systems ,Hardware
hardwear.io USA 2019 Talks | Hardware and Embedded systems,Hardware
Revolution of the open hardware | Bram Geenen | TEDtalksxMadrid,Hardware
Internship Hardware fields (Jul 2020),Hardware
Workshop on Computer Hardware and Networking - FAMT,Hardware
Workshop: Hardware & Processing | Digital Schoolhouse,Hardware
Student Hardware Competition | IEEE SoutheastCon 2020,Hardware
Hardware and Device Programming Competition - CodeProject,Hardware
Hardware Model Checking Competition 2019 - JKU,Hardware
14th China Hardware Product Design Competition 2019,Hardware
Sourcing Talent Hire & Associates is hirinng  Service Engineer - Computer Hardware & CCTV,Hardware
"Learn ""Arduino Programming and Hardware Fundamentals with Hackster"" from udemy and  get certifcation",Hardware
"Get certificate on ""Embedded Software and Hardware Architecture"" from coursera",Hardware
One day Workshop on Unix / Linux,Hardware
Linux hardware Training In Hyderabad ,Hardware
Linux hardware Security Fundamentals Training ,Hardware
Linux Online Training by Industry Experts |hardware,Hardware
Linux Networking Training |hardware,Hardware
Vmware hardware online | certification training ,Hardware
3 days hands on session forEmbedded Hardware and Operating Systems By EIT Digital ,Hardware
10 hours bootcamp on Introduction to Computer Hardware: Components & Peripherals,Hardware
Varanasi - Technex  hardware Internships by EISystems & Technex IIT BHU Varanasi. ,Hardware
New Delhi - Technex Internships by EISystems & Technex IIT BHU Varanasi -hardware,Hardware
Lucknow - Technex Internships by EISystems & Technex IIT BHU Varanasi. |hardware,Hardware
Indore - Technex Internships by EISystems & Technex IIT BHU Varanasi. Hardware,Hardware
Gorakhpur - Technex  hardware Internships by EISystems & Technex IIT BHU Varanasi ,Hardware
Bengaluru - Technex  hardware Internships by EISystems & Technex IIT BHU Varanasi. ,Hardware
PLC hardware Programming From Scratch (PLC I),Hardware
Arduino hardware Step by Step: Getting Started,Hardware
PLC Programming From Scratch (PLC I),Hardware
Arduino Step by Step: Getting Started,Hardware
Expert lecture on Mastering Microcontroller with Embedded Driver Development,Hardware
Practical PLC  hardware Programming (PLC II),Hardware
Process Visualization with HMI / SCADA (PLC III) hardware,Hardware
Arduino Step by Step Getting Serious,Hardware
Mastering RTOS: Hands on FreeRTOS and STM32Fx with Debugging,Hardware
Basic electronics for Arduino Makers|hardware,Hardware
Learn to Design Your Own Boards,Hardware
"From Wire to PLC , A Bootcamp In Industrial Automation",Hardware
Talk on Embedded Linux Step by Step using Beaglebone Black hardware,Hardware
Microcontroller Embedded C Programming: absolute beginners,Hardware
"2020 Ultimate Guide to Raspberry Pi hardware : Tips, Tricks and Hacks",Hardware
Arduino Bootcamp : Learning Through Projects,Hardware
Live session on 3D Printing Hardware By University Of Illionis,Hardware
Seminar on How To Build a Computer: A Beginner's Guide|hardware,Hardware
Online session on Beyond Arduino hardware: Electronics for Developers & Makers - (GPIO),Hardware
Apple Certified Macintosh Technician (ACMT),Hardware
Workshop on Hardware Description Languages for FPGA Design By University Of Colorado,Hardware
hiring for Computer Hardware EngineerSAVE at CBZ Enterprises,Hardware
"Posting  for Mobile Hardware EngineerSAVE at S p ENTERPRISES Pimpri-Chinchwad, Maharashtra",Hardware
Become webmaster in one week.,Web Development
internship opportunities in  Web Design: Wireframing,Web Development
Website designing company in delhi is hiring,Web Development
Webtrackker Review talks,Web Development
Expert Lecture on Front End web development  Technologies,Web Development
Web Developer Training ,Web Development
"Online Live Training Program - Web Development | Techfest, IIT Bombay ",Web Development
"Online Live Training Program - Android Development | Techfest, IIT Bombay ",Web Development
"Access ""The Complete 2020 Web Development Bootcamp"" and on successful completion get a certification",Web Development
"Get certification on ""Web Design for Everybody: Basics of Web Development & Coding Specialization""  from coursera",Web Development
You look like a good fit for the job at Pune Web Designers. Apply now.,Web Development
Google Developer Skills & Web Development Training.,Web Development
Web Development Course - Enroll Now & Start Learning?,Web Development
“Workshop on web Applications Development”,Web Development
2-Day Workshop on Android Application Development,Web Development
WEb Application Development Training Institute Hyderabad,Web Development
Web  Development Training - Tonex Training,Web Development
"Web   Online Courses: Design, Build, and Publish Apps from udemy",Web Development
Free Workshop - How to become a web developer,Web Development
Introduction to Web Development 2-Day Workshop,Web Development
Web Development Competition - CodeProject,Web Development
Web Design Contests and Web Design Competitions,Web Development
Inspiring Web page design Contests - 99designs,Web Development
Android Internship - web development  Internship,Web Development
Web Development Internship | Web Development Summer program,Web Development
6 Month Web Development Internship - Corporate School,Web Development
Web Development internship,Web Development
PHP web  Software Developer - intern,Web Development
Engineering Students: Web Development -Work from Home during Corona lockdown ,Web Development
Hiring on Urgent Basis Web Developer,Web Development
Urgent Opening for Web Developer || IT Company || Hinjewadi Pune,Web Development
IIT Bombay is hiring for part time web developer,Web Development
Full Stack Web Development Course,Web Development
"Talk on""The next 5000 days of the web""  ",Web Development
Talk by A 12-year-old web  developer,Web Development
"TED talk on ""A Magna Carta for the web""",Web Development
Web Development Course - Buy Now For a Special Price,Web Development
Web Development Courses - Codecademy.com,Web Development
Top web development courses: free and paid - Justinmind,Web Development
Web Development internship  at LearnTEZ Private Limited,Web Development
Web Development Internship | Web Development Summe,Web Development
Getting prepped with Web Development skills for a hackathon.,Web Development
"Web Development Hackathon Events in Bangalore, India - F6S",Web Development
Web Development Hackathon - Nizampet | MeraEvents.com,Web Development
"Web Development Hackathon - WnCC, IITB",Web Development
"Web Development - Online Courses, Classes, Training ",Web Development
Best Web Development Courses in 2020 (Beginner to advanced),Web Development
Web Development Courses | Web Development Training,Web Development
Web Development | Codecademy,Web Development
Learn Web Development Online | PHP Online Training,Web Development
Career expo,Higher Education
Australia studies fair in your college!!!,Higher Education
Talk on Bag scholarships for studying abroad!,Higher Education
Master Class on Studying in the UAE is going *LIVE* in 10 minutes! Grab your seat,Higher Education
Hear from experts When to go for study abroad: Spring or Fall?,Higher Education
Live session on What is the cost of studying abroad?,Higher Education
IG LIVE talk on - University & Alumni Updates | Imperial,Higher Education
Expert lecture on GATE exam preparation,Higher Education
Confirm your Seat  for Webinar - Study in UAE,Higher Education
Study Medicine in UK - Live Talk with UClan starting in 30 minutes,Higher Education
Planning to give your GRE Exam soon?register for this talk ,Higher Education
 Webinar - Study in UAE,Higher Education
" Webinar on Future of higher education: short, medium and long-term perspectives around the world",Higher Education
"Webinar on The future of internationalisation of higher education: short, medium and long-term perspectives",Higher Education
Career Education and Settlement immigrant and fair,Higher Education
Australia studies fair in your college,Higher Education
Disha Higher Education Expo 2020,Higher Education
Higher Education expo in Alappuzha,Higher Education
premier school exbhition 2020,Higher Education
The great India Education fair,Higher Education
29th career fair 2020,Higher Education
17 th Admission fair 2020,Higher Education
Study in India 2020,Higher Education
annual conference of the Higher Education Web Professionals ,Higher Education
 Leadership in Higher Education Conference,Higher Education
Workshop - Kerala State Higher Education Council,Higher Education
National Workshop on Examination Reforms in Higher Education by Pune university,Higher Education
12th International Workshop on Higher Education Reform,Higher Education
annual conference of the Higher Education Web Professionals ,Higher Education
 Leadership in Higher Education Conference,Higher Education
"Webinar on ""Your Study Abroad Journey""",Higher Education
"Webinar on ""Start A University Of Arizona Master's Degree From Wherever You Are""",Higher Education
"Live Session :""Start Exploring Your Overseas Education Today""!!",Higher Education
"Webinar on ""Impact of COVID-19 pandemic on research and education""",Higher Education
TechnoXian EduTech Expo,Higher Education
Education and Training Resources & Technology Expo,Higher Education
"Exhibition and Conference on Education, Technology and Infrastructure",Higher Education
A Webinar On Spot Decision - Yocket,Higher Education
Webinar On Updates About Current COVID-19 Situation And UK Universities September 2020 Intake,Higher Education
Webinar On importance Of IELTS Exam For Overseas Opportunities,Higher Education
Attend IDP's New Zealand Virtual Education Fair ,Higher Education
Chrystina Russell: A path to higher education and employment for refugees,Higher Education
"talks on ""Rethinking the way we provide access to higher education""",Higher Education
"TED talks on ""Rethinking access and success in higher education""",Higher Education
"TED talks on "" The Future of Higher Education""",Higher Education
"TED talks on "" Higher Education is Not About Getting a Job,""",Higher Education
"Mohr's TED talk, Rethinking Women & Higher Education,",Higher Education
Talks for Higher Education,Higher Education
5 Inspirational TED Talks About Higher Education,Higher Education
7 TED talks that will change your view on international education,Higher Education
Can you solve this quiz on IOT,IoT
One week course on IoT,IoT
Internet of Things Expo (IOTx),IoT
Smart city festival is awaiting!!,IoT
Smart IoT Taiwan (SIoT),IoT
Industrial IoT Expo,IoT
Carrier openings for IoT enthusiasts,IoT
Expert Lecture on IOT,IoT
Expert Lecture on IOT,IoT
"Online Live Training Program - Internet of Things | Techfest, IIT Bombay ",IoT
Kubernetes IoT Training ,IoT
Webinar on IOT applications in Industry 4.0,IoT
Python – IOT Workshop (Phase 1),IoT
Attend two days bootcamp on IOT applications,IoT
IEEE ComSoc Webinar: 5G's Role in the Internet of Things -,IoT
IEEE IoT Webinar: Integrating the IoT and Cultural Heritage in the Smart City,IoT
IEEE IoT Webinar: Social Impact of and on IoT,IoT
"Learn ""Industrial IoT on Google Cloud Platform"" and get certification from coursera",IoT
Complete Guide to Build IOT Things from Scratch to Market along with certifcation from udemy,IoT
"MIT HACKATHON PUNE, INTERNET OF THINGS (IOT) is live now",IoT
IoT Korea Exhibition 2020,IoT
IoT Course | IoT Training - From Beginner to Expert from www.springpeople.com,IoT
Internet Of Things Training - IOT Training - Intellipaat,IoT
IoT Training | Learn IoT | IoT Training Online | Internshala,IoT
IOT – Workshop on Internet of Things - i3indya™ Technologies,IoT
IoT Workshop - 5 Day - Innovians Technologies,IoT
"Workshop on IoT, Applications BY Amrita Vishwa",IoT
IoT Challenge 2020 - National Level Event on IoT at Aakaar,IoT
Biggest IoT Competitions in India - Engineering,IoT
Biggest IOT Competition in India - Skyfi Labs,IoT
Internet Of Things (IoT) Internship : Exa Mobility India Private Limited,IoT
Embedded Systems and IoT internship : iobot Technologies Private Limited,IoT
Internship : IoT - Transportation VLS,IoT
Iot- Internship,IoT
Internet of Things Engineer - Intern - SmartBridge,IoT
Amex IoT Hackathon,IoT
Faculty Training Program On Internet Of Things,IoT
One-week Workshop on IoT,IoT
IOT India Expo,IoT
IoT World  Fair,IoT
Talk by Dr. John Barrett:  on The Internet of Things,IoT
Talk by Ashkan Fardost: Internet of Things — Beyond Our Current Imagination,IoT
Talk byRodolphe el-Khoury: Designing for the Internet of Things,IoT
Marco Annunziata: Welcome to the Age of the Industrial Internet,IoT
Talk by Lorna Goulden: The Internet of Things,IoT
IEEE Talks IoT: Jacob West,IoT
Internet of Things Course | IoT Certification & Training,IoT
IOT Professional Certification | Jigsaw Academy,IoT
Why IoT Certification Could Boost Your Career,IoT
Certified IoT Architect - Arcitura,IoT
2 days Workshop on Java and Basic Concepts,Java
Java Programming Masterclass for Software Developers with certifcation from udemy,Java
Object Oriented Java Programming: Data Structures and Beyond Specialization with certification from coursera,Java
Java J2ee Online Training - 100% Job Guarantee?,Java
Java Training from Scratch - No Coding Experience Required?,Java
Java Training and Tutorials - Java - Online Courses,Java
JAVA - Core & Advanced Workshop - 5 Days | Innovians,Java
"Programming With Java Workshop - RoboTryst Tryst , IIT Delhi",Java
The Java Workshop - Packt - Workshop Learning,Java
ASSIST Java Contest | ASSIST Software Romania,Java
Java 4K Game Programming Contest,Java
Java Development Internship:LOGOS CORPORATE SOLUTIONS,Java
Java Development Internship In Jodhpur Pune At Chirpn It Solutions,Java
Java Internship in Pune:Maxgen Technologies,Java
CGI Full Stack JavaThon Challenge 2019,Java
Learning Java,Java
Hiring | Java Developers | Bengaluru and Hyderabad ,Java
Hiring For- MNC- Hyderabad For Java- Developer-Permanent Position,Java
Java Developer Jobs in Pune,Java
"talks on ""Using Java 9 Modules: Chances and Challenges""",Java
talks on Java 9 First Impressions,Java
talks on The Hitchhiker’s Guide to Java Class Reloading,Java
talks on Java Performance Engineer’s Survival Guide,Java
Learn Java | Codecademy,Java
Java and Dev Tech Training and Certification | Oracle University,Java
Java Training Classes Online | Java Certification Course ,Java
Free Java Tutorial - Learning Java for Complete Beginners,Java
Top Java Courses Online - Updated [July 2020] | Udemy,Java
Java Certification Course - Simplilearn,Java
Best Java Training Course in Pune | 100% Job Assistance,Java
Java Training | Certified Java Course | Learn Java Online ...,Java
Java Courses - Learn Java Skills Online | Coursera,Java
Codecademy.com - Java Training,Java
The Java Workshop - Packt - Workshop Learning,Java
The Java Workshop - Packt,Java
Welcome to the Java Workshop,Java
CORE JAVA Workshop,Java
Java Workshop - Robotech Labs,Java
JAVA - Core & Advanced Workshop - 5 Days | Innovians ...,Java
"Programming With Java Workshop - RoboTryst Tryst , IIT Delhi",Java
Java Workshop - Lesson #1 : 9 Steps - Instructables,Java
"The The Java Workshop: A New, Interactive Approach to learning",Java
Solve Java | HackerRank,Java
Java Internship | Internshala,Java
"3,000+ Java Internship jobs in India (96 new) - LinkedIn",Java
"14 Best java developer - internship jobs in Chinchwad, Pune .",Java
"Java Internship Jobs, 133815 Java Internship Openings ",Java
Java Internship Jobs - July 2020 | Indeed.com,Java
"Java Internship Jobs in Pune, Maharashtra - July 2020",Java
"Java internship job offers in pune, maharashtra - Trovit",Java
Great opportunity to learn AI,Artificial Intelligence
Live online classes for AI enthusiaists,Artificial Intelligence
Try out excellent courses on artificial intelligence,Artificial Intelligence
Are you a AI enthusiast??? Learn from here,Artificial Intelligence
Upscale Your Adobe Photoshop Skills with New Artificial Intelligence Features,Artificial Intelligence
Transform (The AI event of the year),Artificial Intelligence
AI Expo Africa,Artificial Intelligence
Industrial AI  Expo,Artificial Intelligence
AI  Expo Osaka,Artificial Intelligence
International Conference and Exhibition on Robotics and Artificial Intelligence,Artificial Intelligence
Artificial Intelligence Exhibition & Conference (AI EXPO),Artificial Intelligence
Industrial AI Expo,Artificial Intelligence
International Expo on Robotics Automation AI And Analytics (RobotAI Expo),Artificial Intelligence
Army Autonomy and Artificial Intelligence Symposium and Exposition (Army Autonomy and Artificial Intelligence Symposiu),Artificial Intelligence
Accelerate AI Career Lab & Expo,Artificial Intelligence
Ai With Tensorflow Training - Free demo ,Artificial Intelligence
RBCDSAI's International Summit on AI ,Artificial Intelligence
40 hour bootcamp on AI,Artificial Intelligence
ACM India Industry Webinar on 18 July with Srinivas Padmanabhuni: End to End Testing of AI Systems: Putting Quality Assurance Centre Stage,Artificial Intelligence
"Register for ACM India Industry Webinar on 23 May with Manish Gupta: ""AI for India and Beyond""",Artificial Intelligence
"Register for  Industry Webinar on 9 May with Suparna Bhattacharya: ""AI When Will System Software Catch Up?""",Artificial Intelligence
"Reminder to Register for ACM India Industry Webinar on 3 August with Monish Darda: ""The Ethics of AI: Musk versus Bezos""",Artificial Intelligence
"Register for ACM India Industry Webinar on 2 February with Gautam Shroff: ""Enterprise AI: Automation, Amplification, and Managing Complexity""",Artificial Intelligence
Webinar on 'Application of AI in Core Engineering' - 25th June 2020 at 4PM,Artificial Intelligence
Learn How To Build An AI with certification from udemy ,Artificial Intelligence
"Get ""IBM Applied AI Professional Certification "" from coursera",Artificial Intelligence
AI Expo Europe 2020,Artificial Intelligence
Two Days Workshop on Artificial Intelligence BY VIT,Artificial Intelligence
AI Workshop | Google Cloud,Artificial Intelligence
Public Workshop - Evolving Role of Artificial Intelligence in radiological imaging,Artificial Intelligence
AI for Good Idea Challenge – AI labs - Microsoft,Artificial Intelligence
The AI Challenge - Student - Agorize,Artificial Intelligence
"Artificial intelligence competition with $100,000 in prize money",Artificial Intelligence
AI Internship In Pune At Autovista,Artificial Intelligence
Artificial intelligence And Robotics Internship : Sankhkyiki Robotics Private Limited,Artificial Intelligence
Technical Consulting Intern- AI frameworks and tools : Intel Corporation,Artificial Intelligence
"VIP Reminder: July 24 Talk with Facebook AI Researcher Cristian Canton: ""Abuses and Misuses of AI: Prevention vs. Reactio",Artificial Intelligence
Artificial Intelligence Internship,Artificial Intelligence
AI Hackathon,Artificial Intelligence
"One-Day National Seminar on ""Recent trends in Artificial Intelligence"" ",Artificial Intelligence
National Workshop on Artificial Intelligence in Industry 4.0 (AI in Industry 4.0),Artificial Intelligence
Top job roles and salaries for Artificial Intelligence engineers in India,Artificial Intelligence
Attend The Virtual Session On Aritficial Intelligence,Artificial Intelligence
talk on The Incredible Inventions of Intuitive AI – Maurice Conti,Artificial Intelligence
talk on Can we Build AI without Losing Control Over it? – Sam Harris,Artificial Intelligence
talk on talk on Can we Build AI without Losing Control Over it? – Sam Harris,Artificial Intelligence
How AI can Compose a Personalized Soundtrack to your Life – Pierre Barreau,Artificial Intelligence
 Talk on How AI can save our humanity,Artificial Intelligence
 Talk on Can we protect AI from our biases? ,Artificial Intelligence
 Talk on 1. What AI is — and isn’t,Artificial Intelligence
Python 3 Complete Beginners Course 2020 ,Python
10 days course on python.,Python
Learn python for free,Python
Get Started with Python Programming,Python
"tutorial on Numerical Programming: Understanding Python, Numpy & Matplotlib",Python
Selenium with python training ,Python
Python Training ,Python
Online NLP Training Using Python ,Python
"Online Live Training Program - Python Programming | Techfest, IIT Bombay ",Python
IronPython Training at Mindmajix ,Python
"VIP Reminder: July 8 Webinarwith Author and Python's Pandas Creator Wes McKinney: ""Apache Arrow and the Future of Data Frames""",Python
Learn to Code in Python 3: Programming beginner to advanced along with certification,Python
"Get ""Google IT Automation with Python Professional Certification"" offered by google from coursera",Python
Winter Python Hackathon is live now,Python
Intel Python hackathon  HACKFURY² starts next month,Python
Mahiyoo Technologies and Consulting is hiring for  Python Django Full Stack Developer Freelance,Python
Job listings python developer pune persistent systems limited pune with  5 to 8 years work experience,Python
We have an urgent  job requirement of Node JS + Python  Developer for Persistent Systems based at Pune (Yerwada),Python
HARMAN HIRING FOR PYTHON DEVELOPER FOR PUNE(MAX 30 DAYS JOINERS),Python
Lobo Staffing Solutions Private Limited is hiring Python Automation Developer at Pune,Python
Ceequence Technologies is looking for: Python Fresher Required.,Python
Learn Python with Online Python Courses | edX,Python
Python Courses - Learn Python Skills Online | Coursera,Python
Python Workshops | python.fossee.in,Python
Python Workshop: Introduction and Beyond (2-Day Workshop),Python
PyWeek games programming contest | Python.org,Python
Great Learning Python Challenge | Programming challenges on hackerearth,Python
Python International Competition - Foshay Tech Academy,Python
Python Development internship:ToCan Analytics,Python
Python/Django Development internship Ungeek Mumbai,Python
Python Development For Step Motor Raspberry Pi Project Part Time :Infigo Research Laboratories Private Limited,Python
"Talk with Author and Python's Pandas Creator Wes McKinney: ""Apache Arrow and the Future of Data Frames""",Python
Python Challenge,Python
"Hands-on Workshop On ""Python""",Python
Workshop on Fundamentals of Python Programming,Python
Goldman Sachs Internship India Application Form | Apply Online for Python Development,Python
Live Lecture On Python ,Python
Refactoring Python: Why and How to Restructure Your Code,Python
talk on Solve Your Problems With Sloppy Python,Python
talk on Discovering Python at pycon 2014,Python
talk on Memory Management in Python: The Basics,Python
Master Python Online - Enroll Now For a Special Price,Python
Python Certification - W3Schools,Python
Google IT Automation with Python Professional Certificate,Python
Python Certifications: 4 Big Questions Answered - Dice Insights,Python
Python Certification | Python Online Course and Training,Python
Python/Django Internship | Internshala ,Python
325 Python Internship jobs in India (3 new) - LinkedIn,Python
"Python Internship Jobs, 21860 Python Internship Openings at firstnukari",Python
"Python Internship Jobs in Pune, Maharashtra - July 2020",Python
Free Live Webinar on Hyperion Financial Training ,Finance
Exclusive Talk on The true cost of financial dependence,Finance
Expert lecture on Let's get honest about our money problems,Finance
Learn Finance Skills with Finance Online Courses,Finance
Online Financial Modelling - Online Certification program?,Finance
1. Top Financial Analysis Courses Online - Updated ,Finance
Live talk on Develop confidence in  analysis and manegrial finance,Finance
"Get an certification on""The Complete Financial Analyst Course 2020"" from udemy",Finance
"Learn ""Finance & Quantitative Modeling for Analysts Specialization"" with certification from coursera",Finance
RANDSTAD INDIA PVT LTD is opening position for Financial Analyst,Finance
Valence Health is hiring Finance Coordinator for pune branch,Finance
Job listings for  oracle financial functional consultant at  tejoma technologies private limited,Finance
Financial Workshops for your Employees - FinMarie,Finance
A Two day Programme on 'Finance for non finance executives',Finance
"Corporate training in Analytics, Finance and ACcounting",Finance
Financial Modeling Competition - 2019 Case Championship,Finance
Competition and Finance | Cato Institute,Finance
FINANCE Internships in India | Internship in FINANCE 2020,Finance
Punjab National Bank Jobs In Pune - Apply Finance Officer Jobs In,Finance
"WORKDAY FINANCE Jobs in Pune,Chennai,Noida",Finance
Hiring Manager Finance and Accounts for a leading textile industry in Pune,Finance
Financial Modelling Course - Online Certification program,Finance
10 Finance Certifications for a Professional | eduCBA,Finance
Finance Certifications - Financial Management Association,Finance
Finance Courses | Online Finance Certification Courses in India,Finance
Learn Finance Skills with Finance Online Courses | Coursera,Finance
Financial Certification Resources | Articles & Guides,Finance
Financial Certifications With The Best ROI - Investopedia,Finance
Finance Certification Course - With 100% Assured Placement,Finance
Business Finance Online Courses: Accounting and Investing,Finance
Finance Courses - Top 10 Classes for Students & Professionals ,Finance
Finance Courses | Online Finance Certification Courses in India,Finance
Best Courses in Finance 2020 - academiccourses,Finance
"Finance - Courses, Fees, Colleges | Shiksha",Finance
Finance Internship | Internshala,Finance
"Finance Internship Jobs, 22842 Finance Internship Openings ...",Finance
97 Finance Internship jobs in India (1 new) - LinkedIn,Finance
FINANCE Internships in India | Internship in FINANCE 2020,Finance
2020 Finance Internships | WayUp,Finance
"Finance Internship Jobs in Pune, Maharashtra - July 2020 ...",Finance
Personal Finance workshops from jagoinvestor.com in ...,Finance
"Finance - Excel, Modelling, Tax, IFRS - Trainings, Certification ",Finance
"Upcoming Finance Events in India Tickets Today, This  is a golden opportunity",Finance
Financial Workshops for your Employees - FinMarie,Finance
AMA's Finance Workshop for Non-Financial Executives,Finance
20 Top Finance Based Competitions Across The World,Finance
Competitions | Business & Finance | Amherst College,Finance
2020 FinMo Competition - CFI Financial Modeling Competition,Finance
Careernomics - finance Events & Competition - Careernomics.com,Finance
Top Undergraduate Case Competitions - Corporate Finance ...,Finance
Atlab Competitions – Mobile App Making Competition,Mobile Applications
IEEE Mobile application development contest,Mobile Applications
"The mobile app competition, contest and challenge around the  world",Mobile Applications
Running a Mobile App Dev Business: The Complete Guide along with certification,Mobile Applications
Mobile App Design in Photoshop From Scratch: Design Uber App and also get certification from udemy,Mobile Applications
Basics of Android workshop ,Mobile Applications
Summit on Planning Microsoft Office 365 Workload and Application Deployment,Mobile Applications
Google Applied CS: Android Development using data structure online conference,Mobile Applications
SQL Server 2017: mobile Application Development Best Practices recruitment opportunities,Mobile Applications
Google Applied CS: Android Development using data structure expo,Mobile Applications
Learn Basics of IOS (Swift) in one week,Mobile Applications
Learn Basics of Android,Mobile Applications
Online classes on Android,Mobile Applications
Become ios certified for free,Mobile Applications
Google Applied CS: Android Development using data structure online conference,Mobile Applications
Summit on Planning Microsoft Office 365 Workload and mobile Application Deployment,Mobile Applications
Basics of Android workshop ,Mobile Applications
"Kony talks mobile app development, releases research ...",Mobile Applications
Mobile App Development Lifecycle 101 - Open Tech Talks ...,Mobile Applications
Mobile App Developer | Talk to an Expert | Origami Studios,Mobile Applications
Overview of the mobile app development process (Infographic),Mobile Applications
Labs Talk Podcast: Cross-Platform Mobile App Development ..,Mobile Applications
Best Mobile App Development Certifications - Business News .,Mobile Applications
Mobile Application Development Certification Programs,Mobile Applications
Mobile Development Certification Courses - Edureka,Mobile Applications
Mobile App Development Courses | Coursera,Mobile Applications
Mobile Application Development Training Institute Hyderabad,Mobile Applications
"Mobile Application Developer Training, Jobs, Certifications ...",Mobile Applications
Top Certifications For Mobile App Developers in 2018 ,Mobile Applications
App Development Course - Mobile Applications Development ...,Mobile Applications
Mobile App Development - HelloIntern,Mobile Applications
Mobile App Development Internship | Internshala,Mobile Applications
Mobile Application Development Internship Jobs,Mobile Applications
Mobile Application Development Internship Jobs - July 2020 ...,Mobile Applications
Internship in Mobile app  at Grepix Infotech ...,Mobile Applications
Front End Mobile App Developer Internship at VERTO ...,Mobile Applications
13 Best mobile app development internship jobs in pune,Mobile Applications
Mobile apps intern Jobs | Glassdoor,Mobile Applications
Mobile App Courses - Codecademy.com,Mobile Applications
"Mobile Apps Online Courses: Design, Build, and Publish Apps .",Mobile Applications
Mobile App Development Courses | Coursera,Mobile Applications
"Mobile Apps - Online Courses, Classes, Training, Tutorials on ...",Mobile Applications
Learn App Development with Online App Development Courses,Mobile Applications
Free Online Mobile App Development Courses | Alison,Mobile Applications
10 Best Android and iOS Development Courses for Beginners ...,Mobile Applications
Mobile App Development Course: Get Certified | Shaw .academy,Mobile Applications
Mobile App Development Training Course Programs,Mobile Applications
Google Certified Android App Development Training - Cognixia,Mobile Applications
Mobile App Development Training & Certification Courses ...,Mobile Applications
Mobile Application Framework Training and Certification ..,Mobile Applications
C++ Training  for free,C++
Free webinar: Getting started with C++ in embedded systems,C++
Learn C++ Programming -Beginner to Advance- Deep Dive in C++  and get certification from udemy,C++
"Learn and get certification on ""Object-Oriented Data Structures in C++""",C++
CPP Practice Exam: C++ Certified Professional Programmer,C++
The C++ Certification Course,C++
Beginning C++ Programming - From Beginner to Beyond,C++
The C++ Programming Course For Beginners,C++
Unreal Engine C++ Developer: Learn C++ and Make Video Games,C++
C++ Nanodegree Certification for Programmers (Udacity),C++
 C++ Certification for C Programmers from University of California,C++
CPA – C++ Certified Associate Programmer Certification,C++
"C++ Courses, Tutorials & Classes Online (Pluralsight)",C++
C++ Training Online Internshala Trainings,C++
Top 5 Free C++ Courses to Learn Programming in 2019 ,C++
C++ programming step by step from beginner to advance level.,C++
Job Alert: Cisco is hiring for C/C++ developers in India,C++
Job Alert: Cisco is hiring for C/C++ developers in India ,C++
Apply These 8 Secret Techniques To Improve C++,C++
Believing These 8 Myths About C++ Keeps You From Growing,C++
Don't Waste Time! 8 Facts Until You Reach Your C++,C++
How 8 Things Will Change The Way You Approach C++,C++
C++ Awards: 8 Reasons Why They Don't Work & What You Can Do About It,C++
C++ Doesn't Have To Be Hard. Read These 8 Tips,C++
C++ Is Your Worst Enemy. 8 Ways To Defeat It,C++
C++ On A Budget: 8 Tips From The Great Depression,C++
Knowing These 8 Secrets Will Make Your C++ Look Amazing,C++
Master The Art Of C++ With These 8 Tips,C++
"My Life, My Job, My Career: How 8 Simple C++ Helped Me Succeed",C++
Take Advantage Of C++ - Read These 8 Tips,C++
The Next 8 Things You Should Do For C++ Success,C++
The Time Is Running Out! Think About These 8 Ways To Change Your C++,C++
The 8 Best Things About C++,C++
The 8 Biggest C++ Mistakes You Can Easily Avoid,C++
The A - Z Of C++,C++
The Next 100 Things To Immediately Do About C++,C++
The Ultimate Guide To C++,C++
Are You Embarrassed By Your C++ Skills? Here's What To Do,C++
Do You Make These Simple Mistakes In C++?,C++
Do You Need A C++?,C++
A Complete Guide to Programming in C++ ,C++
C++ Data Structures - Tutorialspoint,C++
Using Modern C++ for Efficient Embedded Systems - Doulos,C++
Free webinar: Getting started with C++ in embedded systems ...,C++
C++ development in 2020 ,C++
C++ Courses | Learn C++ Now with Online Training,C++
Including results for C++ practice,C++
Search only for C++ prac,C++
500+ C++ Practice Challenges // Edabit,C++
What are some cool C++ programming projects?,C++
Webinar on changing software architecture in it industry,Software Architecture
Expert lecture on Embedded Software and Hardware Architecture By University of Colorado,Software Architecture
Learn Citrix Workspace: How to Architecture Microapps,Software Architecture
"seminar on Clean Architecture: Patterns, Practices, and Principles",Software Architecture
Hands on session on software architectural patterns,Software Architecture
Top Enterprise Architect Certifications ,Software Architecture
Certified Software Architect Microsoft Platform ,Software Architecture
GOTO 2014 Expo • Software Architecture vs. Code • Simon Brown,Software Architecture
A talk on Using sagas to maintain data consistency in a microservice architecture by Chris Richardson,Software Architecture
"Internship program on ""Agile Architecture"" - Molly Dishman & Martin Fowler Keynote",Software Architecture
Online session on Design Patterns in the Light of Lambda Expressions by Subramaniam,Software Architecture
"""Agile Architecture"" - Molly Dishman & Martin Fowler Keynote",Software Architecture
Software Architecture Conference 2019 – Engineering The ...,Software Architecture
Global Software Architecture Summit: GSAS,Software Architecture
Internship opportunities in  Software Architecture Reinvented,Software Architecture
Learn IT: Software development - Reference from WhatIs.com,Software Architecture
Live session onBest Practices in Software Development: Interface Overuse ...,Software Architecture
WEBINAR: FUNDAMENTALS OF SOFTWARE ARCHITECTURE,Software Architecture
"Register for webinar on ""Software Architecture versus Software design - definition and differentiation""",Software Architecture
Live Webinar with JetBrains: Software Architecture as Code,Software Architecture
"Get certification on ""SOLID Principles: Introducing Software Architecture & Design""",Software Architecture
"Learn ""Microservices Software Architecture: Patterns and Techniques"" from udemy and get certification on successful completion",Software Architecture
JPMorgan Chase & Co. is looking for: 2020 Software Engineer Program - Summerhiring program,Software Architecture
Expedite Informatics Pvt Ltd is looking for: Software Testing Job,Software Architecture
Top Software Architecture Courses Online - Updated,Software Architecture
Favorite courses to learn Software Architecture in 2020,Software Architecture
Software Architecture for Developers ,Software Architecture
Software Architect Course: Developer to Architect ,Software Architecture
. Software Design and Architecture Specialization,Software Architecture
 Data Structures and Software Design by edX,Software Architecture
Secure Software Design Specialization,Software Architecture
The Software Architect Code: Building the Digital World,Software Architecture
1. Software Architect | Training for enterprise architects,Software Architecture
CITA-P: Certified IT Architect.,Software Architecture
Certified Software Architect by Carnegie Mellon University,Software Architecture
AWS Architect certification,Software Architecture
AZURE Architect certification.,Software Architecture
13 Best software architect summer internship jobs ,Software Architecture
Software Architecture Intern - Experian Careers,Software Architecture
"Internship, Software Architecture at - Entryleveljobs",Software Architecture
1. Top Software Design Courses Online,Software Architecture
5 Best Software Design & Architecture Courses ,Software Architecture
1. Design Software Training Bundle ,Software Architecture
SEI Software Architecture Professional Certificate,Software Architecture
iSAQB® Software Architecture Certification - iSQI,Software Architecture
Software Architecture | Coursera,Software Architecture
iSAQB - International Software Architecture Qualification ...,Software Architecture
Graduate Certificate in Software Architecture - USC Online ...,Software Architecture
Certified Software Architects - IEEE Computer Society,Software Architecture
Software Architect Certification | Software Architect Course ...,Software Architecture
Become microsoft azure associate.,Cloud Computing
Professional certification in cloud computing,Cloud Computing
Become google cloud certified in this lockdown,Cloud Computing
Gain the Cloud Advantage: Level-up Your (or Your Teams') Skills with Microsoft Azure Role-Based Certifications,Cloud Computing
Alibaba Cloud Shapeup the eCommerce with Technology challenge,Cloud Computing
Alibaba Cloud Championship,Cloud Computing
Learn How to Deploy Microsoft SQL in the Cloud,Cloud Computing
grab this chance to learn Cloud Computing Migration Plan: What You Must Know,Cloud Computing
Middle East Cloud &cloud  Conference and Exhibition,Cloud Computing
work live on Google Cloud Fundamentals: Core Infrastructure,Cloud Computing
need for a cloud professional,Cloud Computing
need for Microsoft Cloud Developer,Cloud Computing
"Talk on ""Cloud Computing and DevOps"" by Jitendra Thethi, AVP of Technology, Innovation at Aricent.",Cloud Computing
Expert lecture on Analytics in the Cloud with Tableau on AWS,Cloud Computing
most common discussion onWhy Citrix ADC is Important for IT Organizations & Professionals in the Hybrid and Multi-cloud World?,Cloud Computing
Spring cloud training- Free demo ,Cloud Computing
Microsoft Azure Training Provided by Industry Experts |cloud,Cloud Computing
Microsoft Azure Training by Real Time Experts |cloud,Cloud Computing
Microsoft Azure Training ,Cloud Computing
Microsoft Azure and Web Services Online Training ,Cloud Computing
Learn Best AWS Training in Chennai ,Cloud Computing
AWS Training in Bangalore ,Cloud Computing
AWS Training in Ahmadabad ,Cloud Computing
Aws cloud 3 day online conference ,Cloud Computing
AWS: What's New in Amazon EC2 through aws experts ,Cloud Computing
Virtual workshop on Cloud computing ,Cloud Computing
2 day workshop on Azure DevOps: Understanding Continuous Delivery & DevOps,Cloud Computing
"Webinar on ""What Does the Future Hold for Cloud Computing?'",Cloud Computing
"Weinar on ""AWS, Azure, and Google Cloud: Demystifying Multi-Cloud for Your Organization""",Cloud Computing
IEEE Computer Society Webinar: Open Cirrus Cloud Computing Testbed: Federated Data Centers for Open Source Systems and Services Research,Cloud Computing
Get your certificate on Introduction to Cloud Computing with Amazon Web Services,Cloud Computing
"Learn Distributed  Applications at Scale, Parallel Programming,cloud  Distributed Computing  with certification ",Cloud Computing
"How does cloud computing work?Understand cloud computing definition, concepts & jargon in layman's term with  certification from udemy",Cloud Computing
Cloud Computing Code Gladiators hackathon 2020 registration are open now,Cloud Computing
Cloud Fest 2021 Hackathon on cloud computing is due next month,Cloud Computing
Cloud & DevOps World 2020,Cloud Computing
Cloud Computing Workshop- Amazon Web Services 2020,Cloud Computing
Short Term Training Programme On CLOUD COMPUTING  2020,Cloud Computing
AWS Cloud Computing Internship in Pune,Cloud Computing
Cloud Computing Architecture Internship : Maxgen Technologies,Cloud Computing
Cloud Computing Internships | Microsoft Azure Cloud ... - Verzeo,Cloud Computing
Cloud  Internships  Evolet Technologies,Cloud Computing
 May 22 Talk on AWS Lambda with Luke Closs,Cloud Computing
"Global Expert Talk on ""Trends in Cloud Computing towards Industry Oriented Concepts""",Cloud Computing
Cloud Computing Certifications - Cloud Academy,Cloud Computing
10 Best Cloud Certifications to Pursue in 2020,Cloud Computing
The most valuable cloud computing certifications today | CIO,Cloud Computing
Virtual workshop on Cloud computing ,Cloud Computing
Cloud Computing courses | Cloud Computing Certifications ..,Cloud Computing
AWS Cloud Certification - Master the Cloud in 6 Weeks,Cloud Computing
Free C language course ,C
Free Workshop on Data Structure using C language,C
Free Workshop on Data Structure using C language,C
2 days workshop on C and C++ languages,C
bootcamp on fundamentals of c and java,C
Programming in C - The Complete Course,C
Advanced C Programming Course,C
C to Learn Programming Technique : C to Master Skills,C
C Programming For Beginners -Build Bank ATM Machine Software,C
Understanding the Basics of C Programming,C
"Learn and  get certification on ""Advanced C Programming: Pointers"" till 23rd july",C
C Programming For Beginners - Master the C Language,C
C Programming : Absolute For Beginners,C
C Programming:The best approach to learn C Language,C
Certified Programming Guide Of C Plus Plus Course,C
The ACM-ICPC International Collegiate Programming Contest,C
5 days Live Workshop for C Programming Basics! 3 days to go!,C
C Internship - C Programming Internship - By 10 Microsoft ,C
Summer Winter Internship in C Programming ...,C
C# Challenge,C
5 Things To Do Immediately About C programing,C
C programming Your Way To Success,C
How To Learn code in C,C
The Quickest & Easiest Way To learn C language,C
Internships for C coders,C
C Strategies For Beginners,C
5 Actionable Tips on C And Twitter.,C
The Ultimate Guide To C,C
The Secret of C,C
Get The Most Out of C language,C
The Best Way To C programming,C
How To Make Your Product Stand Out With C programming,C
c training,C
Read This Controversial Article And Find Out More About C,C
Best 50 Tips For C programming,C
Avoid The Top 10 C Mistakes,C
Succeed With C programing In 24 Hours,C
Avoid The Top 10 Mistakes Made By Beginning C,C
C Works Only Under These Conditions,C
Cracking The C Code,C
Can You Pass The C Test?,C
10 Secret Things You Didn't Know About C,C
Top 25 Quotes On C,C
Take 10 Minutes to Get Started With C,C
SuperEasy Ways To Learn Everything About C,C
3 Best C Certifications in 2020 [Ranked] - Hackr.io,C
C Programming Certification Course | Star Certification,C
Learn C Programming Language| C Certification Training ...,C
Learn C Programming with Online C Programming Courses ..,C
Online C Programming Certification Course | Best C ...,C
"The NEW CompTIA Network+ ""007"" Certification",Networking
Learn basics of networking.,Networking
Learn How to Build Step-by-Step ASP.NET Core App,Networking
ASP.NET Functions on Microsoft Azure 2 days expo,Networking
internship program for  a Full-stack .NET Developer?,Networking
Keeping up with Networking Series roles,Networking
AWS Networking in depth: Learn practically in 7 hours,Networking
OSI 7 Layers and Networking Background Concepts,Networking
IT Networking Fundamentals For Complete Beginners,Networking
CNP - Certified Network Principles,Networking
IT Networking Fundamentals For Complete Beginners,Networking
CNP - Certified Network Principles,Networking
PRTG Network Monitoring Course,Networking
Live session Secrets to Become a Network Engineer in a Programmable Age,Networking
Penetrating Networks for CompTIA PenTest+ webinar,Networking
Networking with Microsoft Windows Server 2016 (MS-20741B),Networking
3 day online conference on New Cisco Roadmap: Creating a Powerhouse IT Networking Team,Networking
hands on  Networking in Windows 10 Devices,Networking
TCP/IP Reference Model (Network Communications Course),Networking
Computer Networks: A Beginner’s guide to Computer Networking,Networking
The Complete Networking Fundamentals Course. Your CCNA start certification from udemy,Networking
Python 3 Network Programming - Build 5 Network Applications certification from udemy,Networking
Decom systems is hiring Computer  Networking Engineer,Networking
Networking Competition | IEEE SoutheastCon 2019,Networking
"Communication and Network Technology (ICCNT 2020)--JA,SCOPUS",Networking
Venue: Castille Paris,Networking
"Conference on Communication and Network Security (ICCNS 2020)--EI,Scopus",Networking
Ads,Networking
1. Top IT Networking Fundamentals Courses Online,Networking
What is Digital Networking? — Digital Road,Networking
Data Communications and Network Services,Networking
"Data Communication Jobs, 155 Data Communication",Networking
Network & Communications Management Careers,Networking
How to Become a Network Engineer,Networking
Communication network data analytics Assignments,Networking
Toogit,Networking
Data Networking - Sr . Technical Consultant,Networking
Webinar: SNCS - Sysmex Network Communication Systems ,Networking
Cisco Industrial Networking Specialist,Networking
Top Certification in Networking Courses | SpringPeople Blog,Networking
The Best Computer Networking Certifications - CompTIA,Networking
Network+ (Plus) Certification | CompTIA IT Certifications,Networking
Best Certificates in Computer Networking 2020,Networking
"Network Administrator Training, Jobs, Salary, Certifications ...",Networking
"Network Admin IT Certification Path | CompTIA, Cisco ...",Networking
5 Top Paying IT Networking Certifications in 2019 - I-Medita,Networking
Networking certification guide - SearchNetworking - TechTarget,Networking
"Career Pathways & Certifications: Networking, IT, Cybersecurity",Networking
"Networking Certifications, Computer Networking Certification",Networking
Networking certification portfolio | Certification and Learning,Networking
Widen your career opportunities with ReactJS Training ,Javascript
" Programming Foundations Training with JavaScript, HTML and CSS by Duke University ",Javascript
JavaScript Introduction Certification by W3C,Javascript
" HTML, CSS, and Javascript for Web Developers Training by Johns Hopkins",Javascript
 Interactivity with JavaScript by University of Michigan Training for free,Javascript
 Programming for the Web with JavaScript by University of Pennsylvania ,Javascript
Exclusive talk on Modern JavaScript From The Beginning ,Javascript
Webinar on  ES6 Javascript: The Complete Developer’s Guide ,Javascript
 JavaScript Essential Training (LinkedIn Learning – Lynda),Javascript
The Complete JavaScript Course 2019: Build Real Projects!,Javascript
online session Essentials in JavaScript ES6 - A Fun and Clear Introduction,Javascript
JavaScript Essentials 2019 Mini Course,Javascript
The Complete Full-Stack JavaScript Course!,Javascript
START YOUR CAREER WITH ANGULARJS TRAINING AT MINDMAJIX ,Javascript
START YOUR CAREER WITH Javascript TRAINING AT MINDMAJIX ,Javascript
JavaScript Bootcamp - Build Real World Applications,Javascript
Vue.js Fast Crash Course,Javascript
The Complete Node.js Developer Course (3rd Edition),Javascript
JavaScript For Beginners - Learn JavaScript From Scratch,Javascript
jQuery workshop : JavaScript and AJAX Coding Bible,Javascript
JavaScript 2019: JavaScript ES6 training,Javascript
Microsoft Certified Solutions Associate (MCSA: Web Applications) Exam 70-480: Programming in HTML5 with JavaScript and CSS3,Javascript
CIW JavaScript Specialist,Javascript
Microsoft Technology Associate (MTA) Exam 98-382: Introduction to Programming Using JavaScript,Javascript
Join Free demo on java scripting Training ,Javascript
Certified JavaScript Developer,Javascript
The JavaScript Developer Certificate,Javascript
BUILD YOUR CAREER WITH ANGULARJS TRAINING AT MINDMAJIX ,Javascript
ACCELERATE YOUR CAREER WITH ANGULARJS TRAINING AT MINDMAJIX ,Javascript
AngularJS Workshop (Pre requisites),Javascript
Webinar on JavaScript Bootcamp for Beginners,Javascript
Register for Webinar with San Jose JavaScript Study Group [Live-Online],Javascript
"Webinar on ""Learn to Code Denver: JavaScript 201 - Functions & Scope""",Javascript
"Access ""The Complete JavaScript Course 2020: Build Real Projects!"" and get certification from udemy",Javascript
Learn and build projects with pure JavaScript (No frameworks or libraries) and get certification to enrich your resume,Javascript
Job listings principal senior frontend developer javascript banking oracle india pvtl ltd bengaluru,Javascript
Zinier Technologies is hiring  Technical Lead - Frontend Development - Javascript/ AngularJS,Javascript
"Opening for UI DEVELOPER (JAVASCRIPT, HTML5, CSS3, SASS) at SOTI at gurgaon",Javascript
The Complete JavaScript Course - Beginner to Professional,Javascript
JavaScript Tutorial: Learn JavaScript For Free | Codecademy,Javascript
JavaScript Tutorial - W3Schools,Javascript
JS1k - The JavaScript code golfing competition,Javascript
JavaScript Coding Challenges - DEV - Dev.to,Javascript
JavaScript Developer (Fresher/Intern) at JS Tigers • Bengaluru ,Javascript
Job Alert : Front-End Engineer - React.js/Javascript,Javascript
JavaScript Certification - W3Schools,Javascript
JavaScript Certification for IT professionals | Free Full ,Javascript
JavaScript Specialist | CIW,Javascript
Certification - JavaScript Developer I - Trailhead - Salesforce,Javascript
JavaScript - Certification Course for Beginners | Udemy,Javascript
Free course on Machine learning.,Machine Learning
Take the course of ML and upgrade your skills,Machine Learning
Apply for the Machine learning internship!!,Machine Learning
work on live projects in Machine Learning  Foundations,Machine Learning
CodeSpeedy Technology Private Limited is looking for: MachineLearning Internship.,Machine Learning
"See more jobs like Technogeekscs - , Machine LearningInstitute - Internship Program",Machine Learning
"Online Live Training Program - Machine Learning | Techfest, IIT Bombay ",Machine Learning
Keras Certification Course with Deeep Learning ,Machine Learning
Attend the workshop of machine learning.,Machine Learning
Bootcamp for ML techies,Machine Learning
 Webinar on Machine Learning and Decision-Making with ACM Fellow Michael I. Jordan,Machine Learning
VIP Reminder:  Webinar on Machine Learning and Decision-Making with ACM Fellow Michael I. Jordan,Machine Learning
"Reminder to Register for ACM India Industry Webinar on 14 December with Sriram Rajamani: ""Program Synthesis Meets Machine Learning""",Machine Learning
"Reminder:Webinar with Adam Paszke, Co-Author of PyTorch: ""PyTorch: A Modern Library for Machine Learning""",Machine Learning
"Access""Machine Learning A-Z™: Hands-On Python & R In Data Science"" and get certification  on completion ",Machine Learning
"Get certification on ""Clustering & Classification With Machine Learning In Python""",Machine Learning
Hiring for Principal Data Scientist - Machine/Deep Learning - NLP/Tensorflow :Register to apply,Machine Learning
Want to be Machine Learning Scientist?CAREER MAKERS is hiring for the position,Machine Learning
ML Contests: Machine Learning & Data Science Competitions,Machine Learning
"Knocktober – Machine learning Competition, 21st Oct, Analytics Vidhya",Machine Learning
Machine Learning Internship l Machine Learning Projects l ,Machine Learning
Online Summer Internship Program in Machine Learning,Machine Learning
Machine Learning Internship:Exa Mobility India Private Limited -,Machine Learning
March 25 Talk on Machine Learning and Decision-Making with ACM Fellow Michael I. Jordan,Machine Learning
"February 26 Talk with Tulsee Doshi: ""Fairness in Machine Learning""",Machine Learning
"February 5 Talk on Reliability Engineering and Incident Response with Author Lorin Hochsteinoshi: ""Fairness in Machine Learning""",Machine Learning
"Talk with HCI Pioneer Joseph A. Konstan, ""Recommender Systems: Beyond Machine Learning""",Machine Learning
Building Your Next Machine Learning Dataset :Get Ready In 3 Days - Live Webinar,Machine Learning
A Webinar On  How To Develop Logistic Regression Model Using Python,Machine Learning
" A Live Session On ""What Enterprise Should Know About Machine Learning"" ",Machine Learning
Free Online Webinar On Machine Learning,Machine Learning
Machine Learning Internship:FOXARCO ,Machine Learning
"Machine Learning Intern :Part-time, Internship, Fresher",Machine Learning
Guest Lecture on Advances in Machine Learning,Machine Learning
"Workshop On ""Fundamentals of MATLAB""",Machine Learning
"Session on ""How To Build A Machine Learning Model""",Machine Learning
Matlab Expo,Machine Learning
Machine Learning Jobs in Pune,Machine Learning
Machine Learning Certification - Become ML Expert in 90 Days,Machine Learning
Machine Learning by Stanford University,Machine Learning
Introduction to MATLAB® Webinar materials,Machine Learning
Signal Processing for Deep Learning and Machine Learning,Machine Learning
Hands-On Virtual Lab: Deep Learning Workshop,Machine Learning
Systematic Approach for Control Design using MATLAB and Simulink,Machine Learning
Machine Learning for Agriculture,Machine Learning
"A Career in AI and ML – What, Why and How???",Machine Learning
AI/ML week-webinar series,Machine Learning
 Going Beyond your First ML Project -,Machine Learning
AI & ML - State of the Art and Future.,Machine Learning
Webinar: Deep Neural Networks in Microscopy ,Machine Learning
Opportunity to learn blockchain basics from experts.,Blockchain
Looking for internship in blockchain !!!,Blockchain
hands on experience in Blockchain with experts,Blockchain
Bootcamp on blockchain absolutely free,Blockchain
"ACM India Industry Webinar, Sat Dec 1 at 11am IST with Dr. Pandurang Kamat: ""Blockchain in the Enterprise - Creating Value Beyond the Hype",Blockchain
"Webinar on ""How to Launch a Central Bank Digital Currency on the Ethereum Blockchain""",Blockchain
On-Demand Webinar: Blockchain and the Future of Commerce,Blockchain
Learn the key elements of blockchain and Bitcoin in this bestselling video course with certification from udemy,Blockchain
"Get certification on ""Blockchain A-Z™: Learn How To Build Your First Blockchain""",Blockchain
Learn Blockchain with Online Blockchain Courses | edX,Blockchain
Blockchain and Ethereum Certification Training - Edureka,Blockchain
Blockchain Coding Contest Offers $100K Prize | PYMNTS.com,Blockchain
International blockchain Olympiad,Blockchain
Why Learn Blockchain | Internship in Blockchain - Verzeo,Blockchain
Blockchain Hackathon,Blockchain
Blockchain Training ,Blockchain
Blockchain Systems in Pharmaceuticals Transform Quality and Compliance,Blockchain
Blockchain and Bitcoin Conference (BBC),Blockchain
Crypto Trends: What Cryptocurrency Growth Means for AML,Blockchain
Getting Value from Blockchain in Healthcare Webinar,Blockchain
International Conference on Mathematical Research for Blockchain Economy (MARBLE),Blockchain
Bitcoin conference,Blockchain
"WEBINAR Alternative Finance Summit : Marketplace Lending, Cryptocurrency and Crowdfunding",Blockchain
Learn Blockchain Technology - In Collaboration With eCornell?,Blockchain
Blockchain and Bitcoin Fundamentals. ...,Blockchain
Ethereum Blockchain Developer Bootcamp With Solidity (2020) ...,Blockchain
1. Cryptocurrency Online Course - Become an Expert Today?,Blockchain
CryptoCurrency Certification Consortium (C4),Blockchain
Understanding the evolving cryptocurrency market:,Blockchain
"Making sense of bitcoin, cryptocurrency and blockchain",Blockchain
"Cryptocurrency - Bitcoin, Etherum & Ripple Dissertation ...",Blockchain
Guide: What is Bitcoin and how does Bitcoin work?,Blockchain
Bitcoin halving: Here's what you need to know,Blockchain
Bitcoin 2020 Is Moving To 2021 In Los Angeles!,Blockchain
Asia Crypto Week 2020,Blockchain
Festival blockchain,Blockchain
Blockchain Tech Summit 2020,Blockchain
Crypto Fest 2020,Blockchain
"European Blockchain Convention, Barcelona 2021",Blockchain
The Blockchain Story : Make in India Summit,Blockchain
International Trade Blockchain World - Virtual Conference,Blockchain
Blockchain Expo Europe 2020,Blockchain
Blockchain Jobs in India (Jul 2020) ,Blockchain
Cryptocurrency Jobs curates the best new blockchain jobs at leading companies and startups,Blockchain
Blockchain Jobs: Is One Right for You?,Blockchain
Blockchain Certification | Blockchain Training Course,Blockchain
Best Blockchain Certification Globally: Blockchain Training,Blockchain
Blockchain Essentials - Free Blockchain Course by IBM ...,Blockchain
Blockchain Courses | Coursera,Blockchain
Blockchain Certification: How to Become a Blockchain Expert ...,Blockchain
Training on Oracle Big Data,Data Science
Become Data Analyst in one month.,Data Science
Upgrade your skills with Big data course,Data Science
Free courses on data science,Data Science
BIGIT - Annual Data Science Conference & Exhibition (BIGIT The 7th Annual Data Science Show),Data Science
great job opportunities for data scientists.,Data Science
Big Data for Enterprise: Managing Data and Values jobs are awaiting,Data Science
Cracking Careers in Data Science,Data Science
Become part of talk on Big Data & Hadoop,Data Science
Talk on Tips and Tricks to Build Effective Dashboards with Tableau Desktop,Data Science
 talk on Data Warehousing and Analytics in  Microsoft Azure,Data Science
hear experts talk on How Big Data is Driving Business Transformation,Data Science
"Online Live Training Program - Data Science | Techfest, IIT Bombay ",Data Science
Big Data Online Training ,Data Science
Adobe analytical Training - Free Demo ,Data Science
"Webinar on 20 June with Lipika Dey:""Text Analytics for Health Care""",Data Science
attend the online conference on Oracle Data Analytics,Data Science
Seminar on 5 Useful Data Analysis Expressions (DAX) Functions for Power BI Professionals,Data Science
online conference on What it Needs to be a Data Scientist - Roadmap Explained?,Data Science
Seventh RBCDSAI Workshop on Recent Progress in Data Science and AI,Data Science
3 days workshop on  Power BI: Data Analysis Made Easy,Data Science
learn How to Build Effective Data Communications with Tableau Desktop 3 day workshops,Data Science
attend 10 hour workshop on Introduction to Data Analysis Using Microsoft Excel,Data Science
Hands-On Power BI for Data Visualization,Data Science
Webinar on Data Science Virtual Informational Session,Data Science
Webinar on Galvanize Remote Part-time Data Science Information Session,Data Science
Tensorflow Deep Learning - Data Science in Python from udemy with certification,Data Science
IBM Data Science Professional Certification from coursera,Data Science
World Data Science Hackathon  is coming soon,Data Science
HIRING A PART-TIME SUPPORTER FOR DATA ANALYST OR DATA SCIENTIST at PLATINUS TECHNOLOGIES PVT.LTD,Data Science
Veda Semantics is hiring for  Data Analyst / Data Scientist position,Data Science
Dream to be a Sr. Data Analyst? Axim Technologies is hiring now,Data Science
DataHack & DSAT,Data Science
Data Science - Intern - Only Final Year Student : Quikkloan.com - Digital loan marketplace,Data Science
IIT Roorkee launches online summer training program on Data Science,Data Science
 Data Science Fresher Intern:Softtronix IT Solution,Data Science
Data Science jobs at Siemens: Know the hiring process,Data Science
Data Analytics Internship:Think Analytics India Private Limited,Data Science
Job opening for Data Scientist,Data Science
Webinar On Data Science ,Data Science
Become a Data Analyst - 11-Month online course?,Data Science
Data Science Training Course - In Collaboration with IBM?,Data Science
"Gartner Data & Analytics Summit, (Grapevine, TX), 23-26 March, 2020",Data Science
AI and Big Data Expo,Data Science
International Conference on Big Data Analytics and Data Science,Data Science
Gartner Data and Analytics Summit,Data Science
Big Data Analysis and Data Mining. Virtual.,Data Science
Conference On Big Data and Data Mining .,Data Science
"Data Festival 2020. Munich, Germany",Data Science
"Big Data Expo North America. Santa Clara, CA, USA",Data Science
Online certifications for free!!!,Other
Oracle certification is here!!!,Other
Apply for the trending certifications of 2019,Other
Top IT certifications are in your way,Other
Get certified from top institutes.,Other
webinar on How to Get CISSP Certified: 2020 Edition,Other
Boost Your Team's Knowledge with ITIL 4 Certification,Other
SuryaKranti Solar Challenge India ,Other
Creative Writing Contest 2020 ,Other
BICSI ITS Technician Training,Other
IG PAN India Contest,Other
ContiQuest - Quest for Tech Thirst,Other
Techquiz is live now!!!,Other
participate in National skill test,Other
Creating Social Media content contest with exiting prizes,Other
Blog writing contest: Exciting New cash prize,Other
Compete in innovation challenge with great ideas,Other
Scholarship test for cs students,Other
showcase your cool projects in this project competetion,Other
Innovate in covid-19,Other
Hvac global innovation challenge ,Other
Nae disha dyankatta online competetion,Other
2020 international design competetion,Other
get your brilliant ideas in this innovation challenge,Other
Web Vulnerability Assessment and Penetration Testing (CVPS) Course In GHaziabad Noida Delhi ,Other
Free demo on SSRS course ,Other
BEST SAP COURSE IN COIMBATORE ,Other
Logic Development classes!join today,Other
2020 July to Dec semester - courses open for enrollment!,Other
Boost your skills by this course,Other
Trending courses of 2020.,Other
Upgrade your skills during this covid period,Other
5 Steps to Master Microsoft Excel: Workbooks,Other
Learn Creating a Windows Virtual Machine in Microsoft Azure in 10 days,Other
7 Citrix Secrets: How to Upskill Your Citrix Skills,Other
10 Reasons to learn on Microsoft Dynamics 365,Other
learn 7 Strategies for Achieving Customer Service Excellence,Other
 Get Started with Microsoft 365 and be an expert ,Other
Mastering Microsoft Teams - The Future of Teamwork,Other
Exploring the New Office 365,Other
 Master Agile Scrum and its Benefits by this course,Other
PowerPoint 2016: 10 Tips to Master Presentations,Other
master Office 365 Design Insights,Other
TechExpo 2020 ,Other
HOTWAX Industrial expo,Other
Kirloskar Industrial expo,Other
one day event on Critical Thinking: Developing Problem-Solving & Decision-Making Skills,Other
IT Pros: What's New in Windows Server 2019 exhibition,Other
live expo on Microsoft Word Essentials: Tips and Tricks for Better Productivity,Other
"Grand event on SharePoint 2019 ""Wow"" | First Look at new SharePoint 2019",Other
Software Development Training ,Development Process
Online conference of GIDS.Lead Dev: Refreshing Software Professional Development,Development Process
Learn How the Internet Works & the Web Development Process from udemy with certification,Development Process
The Software Development Process - The Complete Course along with certifcation,Development Process
"Hire For R&D - API - Process Development - Atchutapuram, Vizag at 2Coms Consulting Pvt Ltd.",Development Process
Amway India Enterprises Pvt Ltd is hiring Associate Manager - Process Development,Development Process
Software Development Engineer Intern(2020 graduates and 6Months,Development Process
